{"stats":{"minecraft:dropped":{"minecraft:birch_log":1},"minecraft:used":{"minecraft:birch_log":2},"minecraft:killed":{"minecraft:pig":1},"minecraft:custom":{"minecraft:time_since_rest":16474,"minecraft:crouch_one_cm":542,"minecraft:sprint_one_cm":39018,"minecraft:play_time":16474,"minecraft:walk_one_cm":8618,"minecraft:sneak_time":363,"minecraft:walk_under_water_one_cm":695,"minecraft:mob_kills":1,"minecraft:drop":1,"minecraft:jump":138,"minecraft:damage_dealt":230,"minecraft:leave_game":2,"minecraft:walk_on_water_one_cm":797,"minecraft:time_since_death":16474,"minecraft:total_world_time":16474,"minecraft:fall_one_cm":209,"minecraft:fly_one_cm":126892},"minecraft:picked_up":{"minecraft:birch_log":2,"minecraft:porkchop":1},"minecraft:mined":{"minecraft:grass":1,"minecraft:grass_block":2,"minecraft:rose_bush":1,"minecraft:birch_log":1}},"DataVersion":3465}