{"stats":{"minecraft:killed":{"minecraft:pig":1},"minecraft:used":{"minecraft:rose_bush":1,"minecraft:sand":2,"minecraft:dirt":4},"minecraft:custom":{"minecraft:time_since_rest":1036,"minecraft:crouch_one_cm":1109,"minecraft:play_time":1036,"minecraft:sprint_one_cm":5388,"minecraft:damage_taken":10,"minecraft:walk_one_cm":1642,"minecraft:sneak_time":185,"minecraft:walk_under_water_one_cm":78,"minecraft:mob_kills":1,"minecraft:jump":39,"minecraft:damage_dealt":70,"minecraft:leave_game":1,"minecraft:time_since_death":1036,"minecraft:walk_on_water_one_cm":138,"minecraft:total_world_time":1036,"minecraft:fall_one_cm":836,"minecraft:fly_one_cm":5475},"minecraft:picked_up":{"minecraft:porkchop":3,"minecraft:sand":4,"minecraft:rose_bush":1,"minecraft:dirt":4},"minecraft:mined":{"minecraft:seagrass":1,"minecraft:grass_block":4,"minecraft:rose_bush":1,"minecraft:sand":4}},"DataVersion":3465}